1	C'	ce	CLS	CLS		2	suj	2	suj	3e/CO-3e-2016-VTAC305-D1-R4-V1_normalised.ac	1	1	1	3	_	1	3	_	_	_
2	était	être	V	V	n=s|t=I|p=3	0	root	0	root	3e/CO-3e-2016-VTAC305-D1-R4-V1_normalised.ac	1	3	1	8	imparfait	3	8	_	_	_
3	une	une	DET	DET	n=s|g=f	4	det	4	det	3e/CO-3e-2016-VTAC305-D1-R4-V1_normalised.ac	1	9	1	12	_	9	12	_	_	_
4	adolescente	adolescent	NC	NC	n=s|g=f	2	obj	2	obj	3e/CO-3e-2016-VTAC305-D1-R4-V1_normalised.ac	1	13	1	24	_	13	24	_	_	_
5	qui	qui	PROREL	PROREL	n=s	6	suj	6	suj	3e/CO-3e-2016-VTAC305-D1-R4-V1_normalised.ac	1	25	1	28	_	25	28	_	_	_
6	habitait	habiter	V	V	n=s|t=I|p=3	2	mod	2	mod	3e/CO-3e-2016-VTAC305-D1-R4-V1_normalised.ac	1	29	1	37	imparfait	29	37	_	_	_
7	une	une	DET	DET	n=s|g=f	8	det	8	det	3e/CO-3e-2016-VTAC305-D1-R4-V1_normalised.ac	1	38	1	41	_	38	41	_	_	_
8	maison	maison	NC	NC	n=s|g=f	6	obj	6	obj	3e/CO-3e-2016-VTAC305-D1-R4-V1_normalised.ac	1	42	1	48	_	42	48	_	Err	maixx	42-48
9	de	de	P	P		8	dep	8	dep	3e/CO-3e-2016-VTAC305-D1-R4-V1_normalised.ac	1	49	1	51	_	49	51	_	_	_
10	village	village	NC	NC	n=s|g=m	9	prep	9	prep	3e/CO-3e-2016-VTAC305-D1-R4-V1_normalised.ac	1	52	1	59	_	52	59	_	Err	Village	52-59
11	.	.	PONCT	PONCT		10	ponct	10	ponct	3e/CO-3e-2016-VTAC305-D1-R4-V1_normalised.ac	1	59	1	60	_	59	60	_	_	_

1	Elle	elle	CLS	CLS	n=s|g=f|p=3	2	suj	2	suj	3e/CO-3e-2016-VTAC305-D1-R4-V1_normalised.ac	1	61	1	65	_	61	65	_	_	_
2	habitait	habiter	V	V	n=s|t=I|p=3	0	root	0	root	3e/CO-3e-2016-VTAC305-D1-R4-V1_normalised.ac	1	66	1	74	imparfait	66	74	_	_	_
3	dans	dans	P	P		2	mod	2	mod	3e/CO-3e-2016-VTAC305-D1-R4-V1_normalised.ac	1	75	1	79	_	75	79	_	_	_
4	cette	cette	DET	DET	n=s|g=f	5	det	5	det	3e/CO-3e-2016-VTAC305-D1-R4-V1_normalised.ac	1	80	1	85	_	80	85	_	_	_
5	maison	maison	NC	NC	n=s|g=f	3	prep	3	prep	3e/CO-3e-2016-VTAC305-D1-R4-V1_normalised.ac	1	86	1	92	_	86	92	_	_	_
6	depuis	depuis	P	P		2	mod	2	mod	3e/CO-3e-2016-VTAC305-D1-R4-V1_normalised.ac	1	93	1	99	_	93	99	_	_	_
7	longtemps	longtemps	ADV	ADV		6	mod	6	mod	3e/CO-3e-2016-VTAC305-D1-R4-V1_normalised.ac	1	100	1	109	_	100	109	_	_	_
8	.	.	PONCT	PONCT		7	ponct	7	ponct	3e/CO-3e-2016-VTAC305-D1-R4-V1_normalised.ac	1	109	1	110	_	109	110	_	_	_

1	Elle	elle	CLS	CLS	n=s|g=f|p=3	2	suj	2	suj	3e/CO-3e-2016-VTAC305-D1-R4-V1_normalised.ac	1	111	1	115	_	111	115	_	_	_
2	était	être	V	V	n=s|t=I|p=3	0	root	0	root	3e/CO-3e-2016-VTAC305-D1-R4-V1_normalised.ac	1	116	1	121	imparfait	116	121	_	_	_
3	plutôt	plutôt	ADV	ADV		2	mod	2	mod	3e/CO-3e-2016-VTAC305-D1-R4-V1_normalised.ac	1	122	1	128	_	122	128	_	Err	plûtôt	122-128
4	discrète	discret	ADJ	ADJ	n=s|g=f	2	ats	2	ats	3e/CO-3e-2016-VTAC305-D1-R4-V1_normalised.ac	1	129	1	137	_	129	137	_	_	_
5	mystérieuse	mystérieux	ADJ	ADJ	n=s|g=f	2	mod	2	mod	3e/CO-3e-2016-VTAC305-D1-R4-V1_normalised.ac	1	138	1	149	_	138	149	_	Err	mystérieux	138-149
6	.	.	PONCT	PONCT		5	ponct	5	ponct	3e/CO-3e-2016-VTAC305-D1-R4-V1_normalised.ac	1	149	1	150	_	149	150	_	_	_

1	C'	ce	CLS	CLS		2	suj	2	suj	3e/CO-3e-2016-VTAC305-D1-R4-V1_normalised.ac	1	151	1	153	_	151	153	_	_	_
2	était	être	V	V	n=s|t=I|p=3	0	root	0	root	3e/CO-3e-2016-VTAC305-D1-R4-V1_normalised.ac	1	153	1	158	imparfait	153	158	_	_	_
3	la	la	DET	DET	n=s|g=f	4	det	4	det	3e/CO-3e-2016-VTAC305-D1-R4-V1_normalised.ac	1	159	1	161	_	159	161	_	_	_
4	seule	seul	ADJ	ADJ	n=s|g=f	2	ats	2	ats	3e/CO-3e-2016-VTAC305-D1-R4-V1_normalised.ac	1	162	1	167	_	162	167	_	_	_
5	qui	qui	PROREL	PROREL	n=s	6	suj	6	suj	3e/CO-3e-2016-VTAC305-D1-R4-V1_normalised.ac	1	168	1	171	_	168	171	_	_	_
6	restait	rester	V	V	n=s|t=I|p=3	2	mod	2	mod	3e/CO-3e-2016-VTAC305-D1-R4-V1_normalised.ac	1	172	1	179	imparfait	172	179	_	_	_
7	toute	toute	DET	DET	n=s|g=f	8	det	8	det	3e/CO-3e-2016-VTAC305-D1-R4-V1_normalised.ac	1	180	1	185	_	180	185	_	_	_
8	seule	seul	ADJ	ADJ	n=s|g=f	6	obj	6	obj	3e/CO-3e-2016-VTAC305-D1-R4-V1_normalised.ac	1	186	1	191	_	186	191	_	Err	seul	186-191
9	au	à	P+D	P+D	n=s|g=m	6	mod	6	mod	3e/CO-3e-2016-VTAC305-D1-R4-V1_normalised.ac	1	192	1	194	_	192	194	_	_	_
10	lycée	lycée	NC	NC	n=s|g=m	9	prep	9	prep	3e/CO-3e-2016-VTAC305-D1-R4-V1_normalised.ac	1	195	1	200	_	195	200	_	_	_
11	,	,	PONCT	PONCT		10	ponct	10	ponct	3e/CO-3e-2016-VTAC305-D1-R4-V1_normalised.ac	1	200	1	201	_	200	201	_	_	_
12	sans	sans	P	P		6	mod	6	mod	3e/CO-3e-2016-VTAC305-D1-R4-V1_normalised.ac	1	202	1	206	_	202	206	_	_	_
13	copine	copine	NC	NC	n=s|g=f	12	prep	12	prep	3e/CO-3e-2016-VTAC305-D1-R4-V1_normalised.ac	1	207	1	213	_	207	213	_	_	_
14	.	.	PONCT	PONCT		13	ponct	13	ponct	3e/CO-3e-2016-VTAC305-D1-R4-V1_normalised.ac	1	213	1	214	_	213	214	_	_	_

1	Un	un	DET	DET	n=s|g=m	2	det	2	det	3e/CO-3e-2016-VTAC305-D1-R4-V1_normalised.ac	1	215	1	217	_	215	217	_	_	_
2	jour	jour	NC	NC	n=s|g=m	0	root	0	root	3e/CO-3e-2016-VTAC305-D1-R4-V1_normalised.ac	1	218	1	222	_	218	222	_	_	_
3	d'	de	P	P		2	dep	2	dep	3e/CO-3e-2016-VTAC305-D1-R4-V1_normalised.ac	1	223	1	225	_	223	225	_	_	_
4	été	été	NC	NC	n=s|g=m	3	prep	3	prep	3e/CO-3e-2016-VTAC305-D1-R4-V1_normalised.ac	1	225	1	228	_	225	228	_	_	_
5	un	un	DET	DET	n=s|g=m	6	det	6	det	3e/CO-3e-2016-VTAC305-D1-R4-V1_normalised.ac	1	230	1	232	_	230	232	_	_	_
6	groupe	groupe	NC	NC	n=s|g=m	2	mod	2	mod	3e/CO-3e-2016-VTAC305-D1-R4-V1_normalised.ac	1	233	1	239	_	233	239	_	_	_
7	de	de	P	P		2	dep	2	dep	3e/CO-3e-2016-VTAC305-D1-R4-V1_normalised.ac	1	240	1	242	_	240	242	_	_	_
8	filles	fille	NC	NC	n=p|g=f	7	prep	7	prep	3e/CO-3e-2016-VTAC305-D1-R4-V1_normalised.ac	1	243	1	249	_	243	249	_	Err	fille	243-249
9	venait	venir	V	V	n=s|t=I|p=3	0	_	0	_	3e/CO-3e-2016-VTAC305-D1-R4-V1_normalised.ac	1	250	1	256	imparfait	250	256	_	Err	vennait	250-256
10	la	la	CLO	CLO	n=s|g=f|p=3	11	obj	11	obj	3e/CO-3e-2016-VTAC305-D1-R4-V1_normalised.ac	1	257	1	259	_	257	259	_	_	_
11	voir	voir	VINF	VINF	t=W	9	obj	9	obj	3e/CO-3e-2016-VTAC305-D1-R4-V1_normalised.ac	1	260	1	264	_	260	264	_	_	_
12	pour	pour	P	P		11	mod	11	mod	3e/CO-3e-2016-VTAC305-D1-R4-V1_normalised.ac	1	265	1	269	_	265	269	_	_	_
13	faire	faire	VINF	VINF	t=W	12	prep	12	prep	3e/CO-3e-2016-VTAC305-D1-R4-V1_normalised.ac	1	270	1	275	_	270	275	_	_	_
14	connaissance	connaissance	NC	NC	n=s|g=f	13	obj	13	obj	3e/CO-3e-2016-VTAC305-D1-R4-V1_normalised.ac	1	276	1	288	_	276	288	_	Err	connaissances	276-288
15	,	,	PONCT	PONCT		14	ponct	14	ponct	3e/CO-3e-2016-VTAC305-D1-R4-V1_normalised.ac	1	288	1	289	_	288	289	_	_	_
16	mais	mais	CC	CC		9	coord	9	coord	3e/CO-3e-2016-VTAC305-D1-R4-V1_normalised.ac	1	290	1	294	_	290	294	_	_	_
17	ce	ce	PRO	PRO	n=s	16	dep_coord	16	dep_coord	3e/CO-3e-2016-VTAC305-D1-R4-V1_normalised.ac	1	295	1	297	_	295	297	_	_	_
18	qu'	que	PROREL	PROREL		21	obj	21	obj	3e/CO-3e-2016-VTAC305-D1-R4-V1_normalised.ac	1	298	1	301	_	298	301	_	_	_
19	elle	elle	CLS	CLS	n=s|g=f|p=3	21	suj	21	suj	3e/CO-3e-2016-VTAC305-D1-R4-V1_normalised.ac	1	301	1	305	_	301	305	_	_	_
20	ne	ne	ADV	ADV		21	mod	21	mod	3e/CO-3e-2016-VTAC305-D1-R4-V1_normalised.ac	1	306	1	308	_	306	308	_	_	_
21	savait	savoir	V	V	n=s|t=I|p=3	17	mod_rel	17	mod_rel	3e/CO-3e-2016-VTAC305-D1-R4-V1_normalised.ac	1	309	1	315	imparfait	309	315	_	_	_
22	pas	pas	ADV	ADV		21	mod	21	mod	3e/CO-3e-2016-VTAC305-D1-R4-V1_normalised.ac	1	316	1	319	_	316	319	_	_	_
23	c'	ce	CLS	CLS		0	_	0	_	3e/CO-3e-2016-VTAC305-D1-R4-V1_normalised.ac	1	320	1	322	_	320	322	_	_	_
24	est	être	V	V	n=s|t=P|p=3	23	root	23	root	3e/CO-3e-2016-VTAC305-D1-R4-V1_normalised.ac	1	322	1	325	present	322	325	_	_	_
25	que	que	CS	CS		24	obj	24	obj	3e/CO-3e-2016-VTAC305-D1-R4-V1_normalised.ac	1	326	1	329	_	326	329	_	_	_
26	ce	ce	DET	DET	n=s|g=m	27	det	27	det	3e/CO-3e-2016-VTAC305-D1-R4-V1_normalised.ac	1	330	1	332	_	330	332	_	Err	ce groupe là	330-342
27	groupe-là	_	NC	NC		28	suj	28	suj	3e/CO-3e-2016-VTAC305-D1-R4-V1_normalised.ac	1	333	1	342	_	333	342	_	Err	ce groupe là	330-342
28	était	être	V	V	n=s|t=I|p=3	25	sub	25	sub	3e/CO-3e-2016-VTAC305-D1-R4-V1_normalised.ac	1	343	1	348	imparfait	343	348	_	_	_
29	une	une	DET	DET	n=s|g=f	31	det	31	det	3e/CO-3e-2016-VTAC305-D1-R4-V1_normalised.ac	1	349	1	352	_	349	352	_	_	_
30	mauvaise	mauvais	ADJ	ADJ	n=s|g=f	31	mod	31	mod	3e/CO-3e-2016-VTAC305-D1-R4-V1_normalised.ac	1	353	1	361	_	353	361	_	_	_
31	fréquentation	fréquentation	NC	NC	n=s|g=f	28	obj	28	obj	3e/CO-3e-2016-VTAC305-D1-R4-V1_normalised.ac	1	362	1	375	_	362	375	_	Err	frequentation.	362-375
32	...	...	PONCT	PONCT		31	ponct	31	ponct	3e/CO-3e-2016-VTAC305-D1-R4-V1_normalised.ac	1	376	1	379	_	376	379	_	_	_

1	Plusieurs	plusieurs	DET	DET	n=p	2	det	2	det	3e/CO-3e-2016-VTAC305-D1-R4-V1_normalised.ac	2	1	2	10	_	379	388	_	Err	,	387-387
2	jours	jour	NC	NC	n=p|g=m	6	suj	6	suj	3e/CO-3e-2016-VTAC305-D1-R4-V1_normalised.ac	2	11	2	16	_	389	394	_	_	_
3	,	,	PONCT	PONCT		2	ponct	2	ponct	3e/CO-3e-2016-VTAC305-D1-R4-V1_normalised.ac	2	16	2	17	_	394	395	_	_	_
4	semaines	semaine	NC	NC	n=p|g=f	2	mod	2	mod	3e/CO-3e-2016-VTAC305-D1-R4-V1_normalised.ac	2	18	2	26	_	396	404	_	_	_
5	se	se	CLR	CLR	n=p,s|p=3	6	aff	6	aff	3e/CO-3e-2016-VTAC305-D1-R4-V1_normalised.ac	2	27	2	29	_	405	407	_	_	_
6	passent	passer	V	V	n=p|t=P,S|p=3	0	root	0	root	3e/CO-3e-2016-VTAC305-D1-R4-V1_normalised.ac	2	30	2	37	present	408	415	del	415-415	_	_
7	en	en	P	P		6	mod	6	mod	3e/CO-3e-2016-VTAC305-D1-R4-V1_normalised.ac	2	39	2	41	_	417	419	_	_	_
8	plein	plein	ADJ	ADJ	n=s|g=m	9	mod	9	mod	3e/CO-3e-2016-VTAC305-D1-R4-V1_normalised.ac	2	42	2	47	_	420	425	_	_	_
9	mois	mois	NC	NC	g=m	7	prep	7	prep	3e/CO-3e-2016-VTAC305-D1-R4-V1_normalised.ac	2	48	2	52	_	426	430	_	_	_
10	de	de	P	P		6	mod	6	mod	3e/CO-3e-2016-VTAC305-D1-R4-V1_normalised.ac	2	53	2	55	_	431	433	_	_	_
11	juillet	juillet	NC	NC	n=s|g=m	10	prep	10	prep	3e/CO-3e-2016-VTAC305-D1-R4-V1_normalised.ac	2	56	2	63	_	434	441	_	_	_
12	,	,	PONCT	PONCT		11	ponct	11	ponct	3e/CO-3e-2016-VTAC305-D1-R4-V1_normalised.ac	2	63	2	64	_	441	442	_	_	_
13	les	les	DET	DET	n=p	14	det	14	det	3e/CO-3e-2016-VTAC305-D1-R4-V1_normalised.ac	2	65	2	68	_	443	446	_	_	_
14	soirées	soirée	NC	NC	n=p|g=f	6	mod	6	mod	3e/CO-3e-2016-VTAC305-D1-R4-V1_normalised.ac	2	69	2	76	_	447	454	_	_	_
15	festives	festif	ADJ	ADJ	n=p|g=f	14	mod	14	mod	3e/CO-3e-2016-VTAC305-D1-R4-V1_normalised.ac	2	77	2	85	_	455	463	_	_	_
16	,	,	PONCT	PONCT		15	ponct	15	ponct	3e/CO-3e-2016-VTAC305-D1-R4-V1_normalised.ac	2	85	2	86	_	463	464	_	_	_
17	alcoolisées	alcooliser	VPP	VPP	n=p|g=f|t=K	14	mod	14	mod	3e/CO-3e-2016-VTAC305-D1-R4-V1_normalised.ac	2	87	2	98	_	465	476	_	_	_
18	.	.	PONCT	PONCT		17	ponct	17	ponct	3e/CO-3e-2016-VTAC305-D1-R4-V1_normalised.ac	2	98	2	99	_	476	477	_	_	_

1	Les	les	DET	DET	n=p	2	det	2	det	3e/CO-3e-2016-VTAC305-D1-R4-V1_normalised.ac	2	100	2	103	_	478	481	_	_	_
2	demoiselles	demoiselle	NC	NC	n=p|g=f	3	suj	3	suj	3e/CO-3e-2016-VTAC305-D1-R4-V1_normalised.ac	2	104	2	115	_	482	493	_	_	_
3	invitèrent	inviter	V	V	n=p|t=J|p=3	0	root	0	root	3e/CO-3e-2016-VTAC305-D1-R4-V1_normalised.ac	2	116	2	126	autreTemps	494	504	_	_	_
4	l'	le	DET	DET	n=s	5	det	5	det	3e/CO-3e-2016-VTAC305-D1-R4-V1_normalised.ac	2	127	2	129	_	505	507	_	_	_
5	adolescente	adolescent	NC	NC	n=s|g=f	3	obj	3	obj	3e/CO-3e-2016-VTAC305-D1-R4-V1_normalised.ac	2	129	2	140	_	507	518	_	_	_
6	à	à	P	P		3	mod	3	mod	3e/CO-3e-2016-VTAC305-D1-R4-V1_normalised.ac	2	141	2	142	_	519	520	_	_	_
7	aller	aller	VINF	VINF	t=W	8	aux_caus	8	aux_caus	3e/CO-3e-2016-VTAC305-D1-R4-V1_normalised.ac	2	143	2	148	_	521	526	_	_	_
8	passer	passer	VINF	VINF	t=W	6	prep	6	prep	3e/CO-3e-2016-VTAC305-D1-R4-V1_normalised.ac	2	149	2	155	_	527	533	_	_	_
9	une	une	DET	DET	n=s|g=f	10	det	10	det	3e/CO-3e-2016-VTAC305-D1-R4-V1_normalised.ac	2	156	2	159	_	534	537	_	_	_
10	soirée	soirée	NC	NC	n=s|g=f	8	obj	8	obj	3e/CO-3e-2016-VTAC305-D1-R4-V1_normalised.ac	2	160	2	166	_	538	544	_	_	_
11	mais	mais	CC	CC		3	coord	3	coord	3e/CO-3e-2016-VTAC305-D1-R4-V1_normalised.ac	2	167	2	171	_	545	549	_	_	_
12	rien	rien	PRO	PRO	n=s|g=m	11	dep_coord	11	dep_coord	3e/CO-3e-2016-VTAC305-D1-R4-V1_normalised.ac	2	172	2	176	_	550	554	_	_	_
13	n'	ne	ADV	ADV		14	mod	14	mod	3e/CO-3e-2016-VTAC305-D1-R4-V1_normalised.ac	2	177	2	179	_	555	557	_	_	_
14	allait	aller	V	V	n=s|t=I|p=3	3	mod	3	mod	3e/CO-3e-2016-VTAC305-D1-R4-V1_normalised.ac	2	179	2	185	imparfait	557	563	_	_	_
15	se	se	CLR	CLR	n=p,s|p=3	16	aff	16	aff	3e/CO-3e-2016-VTAC305-D1-R4-V1_normalised.ac	2	186	2	188	_	564	566	_	_	_
16	passer	passer	VINF	VINF	t=W	14	obj	14	obj	3e/CO-3e-2016-VTAC305-D1-R4-V1_normalised.ac	2	189	2	195	_	567	573	_	_	_
17	comme	comme	P	P		16	mod	16	mod	3e/CO-3e-2016-VTAC305-D1-R4-V1_normalised.ac	2	196	2	201	_	574	579	_	_	_
18	prévu	prévoir	VPP	VPP	n=s|g=m|t=K	17	prep	17	prep	3e/CO-3e-2016-VTAC305-D1-R4-V1_normalised.ac	2	202	2	207	_	580	585	_	_	_
19	...	...	PONCT	PONCT		18	ponct	18	ponct	3e/CO-3e-2016-VTAC305-D1-R4-V1_normalised.ac	2	208	2	211	_	586	589	_	_	_

1	La	la	DET	DET	n=s|g=f	2	det	2	det	3e/CO-3e-2016-VTAC305-D1-R4-V1_normalised.ac	3	1	3	3	_	589	591	_	_	_
2	soirée	soirée	NC	NC	n=s|g=f	4	suj	4	suj	3e/CO-3e-2016-VTAC305-D1-R4-V1_normalised.ac	3	4	3	10	_	592	598	_	_	_
3	se	se	CLR	CLR	n=p,s|p=3	4	aff	4	aff	3e/CO-3e-2016-VTAC305-D1-R4-V1_normalised.ac	3	11	3	13	_	599	601	_	_	_
4	déroula	dérouler	V	V	n=s|t=J|p=3	0	root	0	root	3e/CO-3e-2016-VTAC305-D1-R4-V1_normalised.ac	3	14	3	21	autreTemps	602	609	_	_	_
5	,	,	PONCT	PONCT		4	ponct	4	ponct	3e/CO-3e-2016-VTAC305-D1-R4-V1_normalised.ac	3	21	3	22	_	609	610	_	_	_
6	il	il	CLS	CLS	n=s|g=m|p=3	8	suj	8	suj	3e/CO-3e-2016-VTAC305-D1-R4-V1_normalised.ac	3	23	3	25	_	611	613	_	_	_
7	y	y	CLO	CLO		8	aff	8	aff	3e/CO-3e-2016-VTAC305-D1-R4-V1_normalised.ac	3	26	3	27	_	614	615	_	_	_
8	avait	avoir	V	V	n=s|t=I|p=3	4	mod	4	mod	3e/CO-3e-2016-VTAC305-D1-R4-V1_normalised.ac	3	28	3	33	imparfait	616	621	_	_	_
9	beaucoup	beaucoup	ADV	ADV		8	mod	8	mod	3e/CO-3e-2016-VTAC305-D1-R4-V1_normalised.ac	3	34	3	42	_	622	630	_	_	_
10	d'	de	P	P		8	mod	8	mod	3e/CO-3e-2016-VTAC305-D1-R4-V1_normalised.ac	3	43	3	45	_	631	633	_	_	_
11	alcool	alcool	NC	NC	n=s|g=m	10	prep	10	prep	3e/CO-3e-2016-VTAC305-D1-R4-V1_normalised.ac	3	45	3	51	_	633	639	_	_	_
12	,	,	PONCT	PONCT		11	ponct	11	ponct	3e/CO-3e-2016-VTAC305-D1-R4-V1_normalised.ac	3	51	3	52	_	639	640	_	_	_
13	l'	le	DET	DET	n=s	14	det	14	det	3e/CO-3e-2016-VTAC305-D1-R4-V1_normalised.ac	3	53	3	55	_	641	643	_	_	_
14	heure	heure	NC	NC	n=s|g=f	8	obj	8	obj	3e/CO-3e-2016-VTAC305-D1-R4-V1_normalised.ac	3	55	3	60	_	643	648	_	_	_
15	de	de	P	P		8	mod	8	mod	3e/CO-3e-2016-VTAC305-D1-R4-V1_normalised.ac	3	61	3	63	_	649	651	_	_	_
16	repartir	repartir	VINF	VINF	t=W	15	prep	15	prep	3e/CO-3e-2016-VTAC305-D1-R4-V1_normalised.ac	3	64	3	72	_	652	660	_	_	_
17	approchait	approcher	V	V	n=s|t=I|p=3	4	mod	4	mod	3e/CO-3e-2016-VTAC305-D1-R4-V1_normalised.ac	3	73	3	83	imparfait	661	671	_	_	_
18	,	,	PONCT	PONCT		17	ponct	17	ponct	3e/CO-3e-2016-VTAC305-D1-R4-V1_normalised.ac	3	83	3	84	_	671	672	_	_	_
19	il	il	CLS	CLS	n=s|g=m|p=3	21	suj	21	suj	3e/CO-3e-2016-VTAC305-D1-R4-V1_normalised.ac	3	85	3	87	_	673	675	_	_	_
20	y	y	CLO	CLO		21	mod	21	mod	3e/CO-3e-2016-VTAC305-D1-R4-V1_normalised.ac	3	88	3	89	_	676	677	_	_	_
21	avait	avoir	V	V	n=s|t=I|p=3	4	mod	4	mod	3e/CO-3e-2016-VTAC305-D1-R4-V1_normalised.ac	3	90	3	95	imparfait	678	683	_	_	_
22	trois	trois	DET	DET	s=card|n=p	23	det	23	det	3e/CO-3e-2016-VTAC305-D1-R4-V1_normalised.ac	3	96	3	101	_	684	689	_	_	_
23	filles	fille	NC	NC	n=p|g=f	21	obj	21	obj	3e/CO-3e-2016-VTAC305-D1-R4-V1_normalised.ac	3	102	3	108	_	690	696	_	_	_
24	qui	qui	PROREL	PROREL	n=s	25	suj	25	suj	3e/CO-3e-2016-VTAC305-D1-R4-V1_normalised.ac	3	109	3	112	_	697	700	_	_	_
25	repartaient	repartir	V	V	n=p|t=I|p=3	23	mod_rel	23	mod_rel	3e/CO-3e-2016-VTAC305-D1-R4-V1_normalised.ac	3	113	3	124	imparfait	701	712	_	Err	a	711-712
26	à	à	P	P		25	mod	25	mod	3e/CO-3e-2016-VTAC305-D1-R4-V1_normalised.ac	3	125	3	126	_	713	714	_	_	_
27	pied	pied	NC	NC	n=s	26	prep	26	prep	3e/CO-3e-2016-VTAC305-D1-R4-V1_normalised.ac	3	127	3	131	_	715	719	_	_	_
28	.	.	PONCT	PONCT		27	ponct	27	ponct	3e/CO-3e-2016-VTAC305-D1-R4-V1_normalised.ac	3	131	3	132	_	719	720	_	_	_

1	Elles	elles	CLS	CLS	n=p|g=f|p=3	2	suj	2	suj	3e/CO-3e-2016-VTAC305-D1-R4-V1_normalised.ac	3	133	3	138	_	721	726	_	_	_
2	étaient	être	V	V	n=p|t=I|p=3	0	root	0	root	3e/CO-3e-2016-VTAC305-D1-R4-V1_normalised.ac	3	139	3	146	imparfait	727	734	_	_	_
3	sur	sur	P	P		2	mod	2	mod	3e/CO-3e-2016-VTAC305-D1-R4-V1_normalised.ac	3	147	3	150	_	735	738	_	_	_
4	le	le	DET	DET	n=s|g=m	5	det	5	det	3e/CO-3e-2016-VTAC305-D1-R4-V1_normalised.ac	3	151	3	153	_	739	741	_	_	_
5	chemin	chemin	NC	NC	n=s|g=m	3	prep	3	prep	3e/CO-3e-2016-VTAC305-D1-R4-V1_normalised.ac	3	154	3	160	_	742	748	_	_	_
6	du	de	P+D	P+D	n=s|g=m	5	dep	5	dep	3e/CO-3e-2016-VTAC305-D1-R4-V1_normalised.ac	3	161	3	163	_	749	751	_	_	_
7	retour	retour	NC	NC	n=s|g=m	6	prep	6	prep	3e/CO-3e-2016-VTAC305-D1-R4-V1_normalised.ac	3	164	3	170	_	752	758	_	_	_
8	quand	quand	CS	CS		2	mod	2	mod	3e/CO-3e-2016-VTAC305-D1-R4-V1_normalised.ac	3	171	3	176	_	759	764	_	_	_
9	tout	tout	PRO	PRO	n=s|g=m	0	_	0	_	3e/CO-3e-2016-VTAC305-D1-R4-V1_normalised.ac	3	177	3	181	_	765	769	_	_	_
10	à	à	P	P		9	dep	9	dep	3e/CO-3e-2016-VTAC305-D1-R4-V1_normalised.ac	3	182	3	183	_	770	771	_	_	_
11	coup	coup	NC	NC	n=s|g=m	10	prep	10	prep	3e/CO-3e-2016-VTAC305-D1-R4-V1_normalised.ac	3	184	3	188	_	772	776	_	_	_
12	...	...	PONCT	PONCT		11	ponct	11	ponct	3e/CO-3e-2016-VTAC305-D1-R4-V1_normalised.ac	3	189	3	192	_	777	780	_	_	_

1	Elles	elles	CLS	CLS	n=p|g=f|p=3	3	suj	3	suj	3e/CO-3e-2016-VTAC305-D1-R4-V1_normalised.ac	3	193	3	198	_	781	786	_	_	_
2	se	se	CLR	CLR	n=p,s|p=3	3	aff	3	aff	3e/CO-3e-2016-VTAC305-D1-R4-V1_normalised.ac	3	199	3	201	_	787	789	_	Err	retourna	787-799
3	retournèrent	retourner	V	V	n=p|t=J|p=3	0	root	0	root	3e/CO-3e-2016-VTAC305-D1-R4-V1_normalised.ac	3	202	3	214	autreTemps	790	802	_	_	_
4	en	en	P	P		3	mod	3	mod	3e/CO-3e-2016-VTAC305-D1-R4-V1_normalised.ac	3	215	3	217	_	803	805	_	_	_
5	entendant	entendre	VPR	VPR	t=G	4	prep	4	prep	3e/CO-3e-2016-VTAC305-D1-R4-V1_normalised.ac	3	218	3	227	_	806	815	_	_	_
6	ce	ce	DET	DET	n=s|g=m	8	det	8	det	3e/CO-3e-2016-VTAC305-D1-R4-V1_normalised.ac	3	228	3	230	_	816	818	_	_	_
7	grand	grand	ADJ	ADJ	n=s|g=m	8	mod	8	mod	3e/CO-3e-2016-VTAC305-D1-R4-V1_normalised.ac	3	231	3	236	_	819	824	_	_	_
8	bruit	bruit	NC	NC	n=s|g=m	5	obj	5	obj	3e/CO-3e-2016-VTAC305-D1-R4-V1_normalised.ac	3	237	3	242	_	825	830	_	_	_
9	.	.	PONCT	PONCT		8	ponct	8	ponct	3e/CO-3e-2016-VTAC305-D1-R4-V1_normalised.ac	3	242	3	243	_	830	831	_	_	_

1	C'	ce	CLS	CLS		2	suj	2	suj	3e/CO-3e-2016-VTAC305-D1-R4-V1_normalised.ac	3	244	3	246	_	832	834	_	Err	etait	831-836
2	était	être	V	V	n=s|t=I|p=3	0	root	0	root	3e/CO-3e-2016-VTAC305-D1-R4-V1_normalised.ac	3	246	3	251	imparfait	834	839	_	_	_
3	une	une	DET	DET	n=s|g=f	4	det	4	det	3e/CO-3e-2016-VTAC305-D1-R4-V1_normalised.ac	3	252	3	255	_	840	843	_	_	_
4	bagarre	bagarre	NC	NC	n=s|g=f	2	obj	2	obj	3e/CO-3e-2016-VTAC305-D1-R4-V1_normalised.ac	3	256	3	263	_	844	851	_	_	_
5	dans	dans	P	P		2	mod	2	mod	3e/CO-3e-2016-VTAC305-D1-R4-V1_normalised.ac	3	264	3	268	_	852	856	_	_	_
6	un	un	DET	DET	n=s|g=m	7	det	7	det	3e/CO-3e-2016-VTAC305-D1-R4-V1_normalised.ac	3	269	3	271	_	857	859	_	_	_
7	bar	bar	NC	NC	n=s|g=m	5	prep	5	prep	3e/CO-3e-2016-VTAC305-D1-R4-V1_normalised.ac	3	272	3	275	_	860	863	_	_	_
8	voisin	voisin	ADJ	ADJ	n=s|g=m	7	mod	7	mod	3e/CO-3e-2016-VTAC305-D1-R4-V1_normalised.ac	3	276	3	282	_	864	870	_	_	_
9	,	,	PONCT	PONCT		8	ponct	8	ponct	3e/CO-3e-2016-VTAC305-D1-R4-V1_normalised.ac	3	282	3	283	_	870	871	_	_	_
10	elles	elles	CLS	CLS	n=p|g=f|p=3	11	suj	11	suj	3e/CO-3e-2016-VTAC305-D1-R4-V1_normalised.ac	3	284	3	289	_	872	877	_	_	_
11	décidèrent	décider	V	V	n=p|t=J|p=3	2	mod	2	mod	3e/CO-3e-2016-VTAC305-D1-R4-V1_normalised.ac	3	290	3	300	autreTemps	878	888	_	_	_
12	d'	de	P	P		11	mod	11	mod	3e/CO-3e-2016-VTAC305-D1-R4-V1_normalised.ac	3	301	3	303	_	889	891	_	_	_
13	aller	aller	VINF	VINF	t=W	14	aux_caus	14	aux_caus	3e/CO-3e-2016-VTAC305-D1-R4-V1_normalised.ac	3	303	3	308	_	891	896	_	_	_
14	voir	voir	VINF	VINF	t=W	12	prep	12	prep	3e/CO-3e-2016-VTAC305-D1-R4-V1_normalised.ac	3	309	3	313	_	897	901	_	_	_
15	,	,	PONCT	PONCT		14	ponct	14	ponct	3e/CO-3e-2016-VTAC305-D1-R4-V1_normalised.ac	3	313	3	314	_	901	902	_	Err	a	900-902
16	là	là	ADV	ADV		19	mod	19	mod	3e/CO-3e-2016-VTAC305-D1-R4-V1_normalised.ac	3	315	3	317	_	903	905	_	_	_
17	il	il	CLS	CLS	n=s|g=m|p=3	19	suj	19	suj	3e/CO-3e-2016-VTAC305-D1-R4-V1_normalised.ac	3	318	3	320	_	906	908	_	_	_
18	y	y	CLO	CLO		19	aff	19	aff	3e/CO-3e-2016-VTAC305-D1-R4-V1_normalised.ac	3	321	3	322	_	909	910	_	_	_
19	avait	avoir	V	V	n=s|t=I|p=3	11	mod	11	mod	3e/CO-3e-2016-VTAC305-D1-R4-V1_normalised.ac	3	323	3	328	imparfait	911	916	_	_	_
20	un	un	DET	DET	n=s|g=m	21	det	21	det	3e/CO-3e-2016-VTAC305-D1-R4-V1_normalised.ac	3	329	3	331	_	917	919	_	_	_
21	homme	homme	NC	NC	n=s|g=m	19	obj	19	obj	3e/CO-3e-2016-VTAC305-D1-R4-V1_normalised.ac	3	332	3	337	_	920	925	_	_	_
22	armé	armer	ADJ	ADJ	n=s|g=m|t=K	21	mod	21	mod	3e/CO-3e-2016-VTAC305-D1-R4-V1_normalised.ac	3	338	3	342	_	926	930	_	_	_
23	qui	qui	PROREL	PROREL	n=s	24	suj	24	suj	3e/CO-3e-2016-VTAC305-D1-R4-V1_normalised.ac	3	343	3	346	_	931	934	_	_	_
24	tirait	tirer	V	V	n=s|t=I|p=3	21	mod_rel	21	mod_rel	3e/CO-3e-2016-VTAC305-D1-R4-V1_normalised.ac	3	347	3	353	imparfait	935	941	_	_	_
25	sur	sur	P	P		24	mod	24	mod	3e/CO-3e-2016-VTAC305-D1-R4-V1_normalised.ac	3	354	3	357	_	942	945	_	_	_
26	toutes	tout	ADJ	ADJ	n=p|g=f	28	mod	28	mod	3e/CO-3e-2016-VTAC305-D1-R4-V1_normalised.ac	3	358	3	364	_	946	952	_	_	_
27	les	les	DET	DET	n=p	28	det	28	det	3e/CO-3e-2016-VTAC305-D1-R4-V1_normalised.ac	3	365	3	368	_	953	956	_	_	_
28	personnes	personne	NC	NC	n=p|g=f	25	prep	25	prep	3e/CO-3e-2016-VTAC305-D1-R4-V1_normalised.ac	3	369	3	378	_	957	966	_	_	_
29	de	de	P	P		28	dep	28	dep	3e/CO-3e-2016-VTAC305-D1-R4-V1_normalised.ac	3	379	3	381	_	967	969	_	Err	se	967-969
30	ce	ce	DET	DET	n=s|g=m	31	det	31	det	3e/CO-3e-2016-VTAC305-D1-R4-V1_normalised.ac	3	382	3	384	_	970	972	_	_	_
31	bar	bar	NC	NC	n=s|g=m	29	prep	29	prep	3e/CO-3e-2016-VTAC305-D1-R4-V1_normalised.ac	3	385	3	388	_	973	976	_	_	_
32	,	,	PONCT	PONCT		31	ponct	31	ponct	3e/CO-3e-2016-VTAC305-D1-R4-V1_normalised.ac	3	388	3	389	_	976	977	_	_	_
33	il	il	CLS	CLS	n=s|g=m|p=3	35	suj	35	suj	3e/CO-3e-2016-VTAC305-D1-R4-V1_normalised.ac	3	390	3	392	_	978	980	_	_	_
34	était	être	V	V	n=s|t=I|p=3	35	aux_tps	35	aux_tps	3e/CO-3e-2016-VTAC305-D1-R4-V1_normalised.ac	3	393	3	398	imparfait	981	986	_	_	_
35	armé	armer	VPP	VPP	n=s|g=m|t=K	2	mod	2	mod	3e/CO-3e-2016-VTAC305-D1-R4-V1_normalised.ac	3	399	3	403	_	987	991	_	_	_
36	d'	de	P	P		35	mod	35	mod	3e/CO-3e-2016-VTAC305-D1-R4-V1_normalised.ac	3	404	3	406	_	992	994	_	Err	d'un	989-994
37	une	une	DET	DET	n=s|g=f	38	det	38	det	3e/CO-3e-2016-VTAC305-D1-R4-V1_normalised.ac	3	406	3	409	_	994	997	_	_	_
38	kalachnikov	kalachnikov	NC	NC	n=s|g=f	36	prep	36	prep	3e/CO-3e-2016-VTAC305-D1-R4-V1_normalised.ac	3	410	3	421	_	998	1009	_	_	_
39	.	.	PONCT	PONCT		38	ponct	38	ponct	3e/CO-3e-2016-VTAC305-D1-R4-V1_normalised.ac	3	421	3	422	_	1009	1010	_	_	_

1	Les	les	DET	DET	n=p	2	det	2	det	3e/CO-3e-2016-VTAC305-D1-R4-V1_normalised.ac	3	423	3	426	_	1011	1014	_	_	_
2	policiers	policier	NC	NC	n=p|g=m	3	suj	3	suj	3e/CO-3e-2016-VTAC305-D1-R4-V1_normalised.ac	3	427	3	436	_	1015	1024	_	_	_
3	arrivèrent	arriver	V	V	n=p|t=J|p=3	0	root	0	root	3e/CO-3e-2016-VTAC305-D1-R4-V1_normalised.ac	3	437	3	447	autreTemps	1025	1035	_	_	_
4	trop	trop	ADV	ADV		3	mod	3	mod	3e/CO-3e-2016-VTAC305-D1-R4-V1_normalised.ac	3	448	3	452	_	1036	1040	_	_	_
5	tard	tard	ADV	ADV		3	mod	3	mod	3e/CO-3e-2016-VTAC305-D1-R4-V1_normalised.ac	3	453	3	457	_	1041	1045	_	_	_
6	,	,	PONCT	PONCT		5	ponct	5	ponct	3e/CO-3e-2016-VTAC305-D1-R4-V1_normalised.ac	3	457	3	458	_	1045	1046	_	_	_
7	une	un	PRO	PRO	n=s|g=f	3	obj	3	obj	3e/CO-3e-2016-VTAC305-D1-R4-V1_normalised.ac	3	459	3	462	_	1047	1050	_	_	_
8	des	de	P+D	P+D	n=p	7	dep	7	dep	3e/CO-3e-2016-VTAC305-D1-R4-V1_normalised.ac	3	463	3	466	_	1051	1054	_	_	_
9	jeunes	jeune	ADJ	ADJ	n=p	10	mod	10	mod	3e/CO-3e-2016-VTAC305-D1-R4-V1_normalised.ac	3	467	3	473	_	1055	1061	_	_	_
10	filles	fille	NC	NC	n=p|g=f	8	prep	8	prep	3e/CO-3e-2016-VTAC305-D1-R4-V1_normalised.ac	3	474	3	480	_	1062	1068	_	_	_
11	avait	avoir	V	V	n=s|t=I|p=3	13	aux_tps	13	aux_tps	3e/CO-3e-2016-VTAC305-D1-R4-V1_normalised.ac	3	481	3	486	imparfait	1069	1074	_	_	_
12	été	être	VPP	VPP	t=K	13	aux_pass	13	aux_pass	3e/CO-3e-2016-VTAC305-D1-R4-V1_normalised.ac	3	487	3	490	_	1075	1078	_	_	_
13	touchée	toucher	VPP	VPP	n=s|g=f|t=K	7	mod	7	mod	3e/CO-3e-2016-VTAC305-D1-R4-V1_normalised.ac	3	491	3	498	_	1079	1086	_	_	_
14	,	,	PONCT	PONCT		13	ponct	13	ponct	3e/CO-3e-2016-VTAC305-D1-R4-V1_normalised.ac	3	498	3	499	_	1086	1087	_	_	_
15	elle	elle	CLS	CLS	n=s|g=f|p=3	17	suj	17	suj	3e/CO-3e-2016-VTAC305-D1-R4-V1_normalised.ac	3	500	3	504	_	1088	1092	_	_	_
16	se	se	CLR	CLR	n=p,s|p=3	17	aff	17	aff	3e/CO-3e-2016-VTAC305-D1-R4-V1_normalised.ac	3	505	3	507	_	1093	1095	_	_	_
17	faisait	faire	V	V	n=s|t=I|p=3	3	mod	3	mod	3e/CO-3e-2016-VTAC305-D1-R4-V1_normalised.ac	3	508	3	515	imparfait	1096	1103	_	_	_
18	hospitaliser	hospitaliser	VINF	VINF	t=W	17	obj	17	obj	3e/CO-3e-2016-VTAC305-D1-R4-V1_normalised.ac	3	516	3	528	_	1104	1116	_	_	_
19	son	son	DET	DET	n=s|g=m|p=3|poss=s	20	det	20	det	3e/CO-3e-2016-VTAC305-D1-R4-V1_normalised.ac	3	529	3	532	_	1117	1120	_	_	_
20	état	état	NC	NC	n=s|g=m	18	obj	18	obj	3e/CO-3e-2016-VTAC305-D1-R4-V1_normalised.ac	3	533	3	537	_	1121	1125	_	_	_
21	était	être	V	V	n=s|t=I|p=3	17	mod	17	mod	3e/CO-3e-2016-VTAC305-D1-R4-V1_normalised.ac	3	538	3	543	imparfait	1126	1131	_	_	_
22	critique	critique	NC	NC	n=s	21	obj	21	obj	3e/CO-3e-2016-VTAC305-D1-R4-V1_normalised.ac	3	544	3	552	_	1132	1140	_	_	_
23	,	,	PONCT	PONCT		22	ponct	22	ponct	3e/CO-3e-2016-VTAC305-D1-R4-V1_normalised.ac	3	552	3	553	_	1140	1141	_	_	_
24	vital	vital	ADJ	ADJ	n=s|g=m	22	mod	22	mod	3e/CO-3e-2016-VTAC305-D1-R4-V1_normalised.ac	3	554	3	559	_	1142	1147	_	_	_
25	.	.	PONCT	PONCT		24	ponct	24	ponct	3e/CO-3e-2016-VTAC305-D1-R4-V1_normalised.ac	3	559	3	560	_	1147	1148	_	_	_

1	Personne	personne	PRO	PRO	n=s	3	suj	3	suj	3e/CO-3e-2016-VTAC305-D1-R4-V1_normalised.ac	3	561	3	569	_	1149	1157	_	_	_
2	ne	ne	ADV	ADV		3	mod	3	mod	3e/CO-3e-2016-VTAC305-D1-R4-V1_normalised.ac	3	570	3	572	_	1158	1160	_	_	_
3	savait	savoir	V	V	n=s|t=I|p=3	0	root	0	root	3e/CO-3e-2016-VTAC305-D1-R4-V1_normalised.ac	3	573	3	579	imparfait	1161	1167	_	_	_
4	si	si	CS	CS		3	obj	3	obj	3e/CO-3e-2016-VTAC305-D1-R4-V1_normalised.ac	3	580	3	582	_	1168	1170	_	_	_
5	elle	elle	CLS	CLS	n=s|g=f|p=3	6	suj	6	suj	3e/CO-3e-2016-VTAC305-D1-R4-V1_normalised.ac	3	583	3	587	_	1171	1175	_	_	_
6	allait	aller	V	V	n=s|t=I|p=3	4	sub	4	sub	3e/CO-3e-2016-VTAC305-D1-R4-V1_normalised.ac	3	588	3	594	imparfait	1176	1182	_	_	_
7	en	en	CLO	CLO		8	aff	8	aff	3e/CO-3e-2016-VTAC305-D1-R4-V1_normalised.ac	3	595	3	597	_	1183	1185	_	_	_
8	sortir	sortir	VINF	VINF	t=W	6	obj	6	obj	3e/CO-3e-2016-VTAC305-D1-R4-V1_normalised.ac	3	598	3	604	_	1186	1192	_	_	_
9	vivante	vivant	ADJ	ADJ	n=s|g=f	0	_	0	_	3e/CO-3e-2016-VTAC305-D1-R4-V1_normalised.ac	3	605	3	612	_	1193	1200	_	_	_
10	de	de	P	P		9	mod	9	mod	3e/CO-3e-2016-VTAC305-D1-R4-V1_normalised.ac	3	613	3	615	_	1201	1203	_	_	_
11	cette	cette	DET	DET	n=s|g=f	12	det	12	det	3e/CO-3e-2016-VTAC305-D1-R4-V1_normalised.ac	3	616	3	621	_	1204	1209	_	_	_
12	aventure	aventure	NC	NC	n=s|g=f	10	prep	10	prep	3e/CO-3e-2016-VTAC305-D1-R4-V1_normalised.ac	3	622	3	630	_	1210	1218	_	_	_
13	.	.	PONCT	PONCT		12	ponct	12	ponct	3e/CO-3e-2016-VTAC305-D1-R4-V1_normalised.ac	3	630	3	631	_	1218	1219	_	_	_

1	Tous	tout	ADJ	ADJ	n=p|g=m	3	mod	3	mod	3e/CO-3e-2016-VTAC305-D1-R4-V1_normalised.ac	3	632	3	636	_	1220	1224	_	_	_
2	les	les	DET	DET	n=p	3	det	3	det	3e/CO-3e-2016-VTAC305-D1-R4-V1_normalised.ac	3	637	3	640	_	1225	1228	_	_	_
3	jours	jour	NC	NC	n=p|g=m	7	mod	7	mod	3e/CO-3e-2016-VTAC305-D1-R4-V1_normalised.ac	3	641	3	646	_	1229	1234	_	_	_
4	,	,	PONCT	PONCT		3	ponct	3	ponct	3e/CO-3e-2016-VTAC305-D1-R4-V1_normalised.ac	3	646	3	647	_	1234	1235	_	_	_
5	les	les	DET	DET	n=p	6	det	6	det	3e/CO-3e-2016-VTAC305-D1-R4-V1_normalised.ac	3	648	3	651	_	1236	1239	_	_	_
6	filles	fille	NC	NC	n=p|g=f	7	suj	7	suj	3e/CO-3e-2016-VTAC305-D1-R4-V1_normalised.ac	3	652	3	658	_	1240	1246	_	_	_
7	allaient	aller	V	V	n=p|t=I|p=3	0	root	0	root	3e/CO-3e-2016-VTAC305-D1-R4-V1_normalised.ac	3	659	3	667	imparfait	1247	1255	_	_	_
8	la	la	CLO	CLO	n=s|g=f|p=3	9	obj	9	obj	3e/CO-3e-2016-VTAC305-D1-R4-V1_normalised.ac	3	668	3	670	_	1256	1258	_	_	_
9	voir	voir	VINF	VINF	t=W	7	obj	7	obj	3e/CO-3e-2016-VTAC305-D1-R4-V1_normalised.ac	3	671	3	675	_	1259	1263	_	Err	a	1261-1262
10	à	à	P	P		9	mod	9	mod	3e/CO-3e-2016-VTAC305-D1-R4-V1_normalised.ac	3	676	3	677	_	1264	1265	_	_	_
11	l'	le	DET	DET	n=s	12	det	12	det	3e/CO-3e-2016-VTAC305-D1-R4-V1_normalised.ac	3	678	3	680	_	1266	1268	_	_	_
12	hôpital	hôpital	NC	NC	n=s|g=m	10	prep	10	prep	3e/CO-3e-2016-VTAC305-D1-R4-V1_normalised.ac	3	680	3	687	_	1268	1275	_	_	_
13	,	,	PONCT	PONCT		12	ponct	12	ponct	3e/CO-3e-2016-VTAC305-D1-R4-V1_normalised.ac	3	687	3	688	_	1275	1276	_	Err	quelque	1274-1282
14	quelques	quelques	DET	DET	n=p	15	det	15	det	3e/CO-3e-2016-VTAC305-D1-R4-V1_normalised.ac	3	689	3	697	_	1277	1285	_	_	_
15	semaines	semaine	NC	NC	n=p|g=f	20	mod	20	mod	3e/CO-3e-2016-VTAC305-D1-R4-V1_normalised.ac	3	698	3	706	_	1286	1294	_	_	_
16	plus	plus	ADV	ADV		17	mod	17	mod	3e/CO-3e-2016-VTAC305-D1-R4-V1_normalised.ac	3	707	3	711	_	1295	1299	_	_	_
17	tard	tard	ADV	ADV		15	mod	15	mod	3e/CO-3e-2016-VTAC305-D1-R4-V1_normalised.ac	3	712	3	716	_	1300	1304	_	_	_
18	,	,	PONCT	PONCT		17	ponct	17	ponct	3e/CO-3e-2016-VTAC305-D1-R4-V1_normalised.ac	3	716	3	717	_	1304	1305	_	_	_
19	elle	elle	CLS	CLS	n=s|g=f|p=3	20	suj	20	suj	3e/CO-3e-2016-VTAC305-D1-R4-V1_normalised.ac	3	718	3	722	_	1306	1310	_	_	_
20	ressortit	ressortir	V	V	n=s|t=J,P|p=3	7	mod	7	mod	3e/CO-3e-2016-VTAC305-D1-R4-V1_normalised.ac	3	723	3	732	present	1311	1320	_	_	_
21	indemne	indemne	ADJ	ADJ	n=s	20	ats	20	ats	3e/CO-3e-2016-VTAC305-D1-R4-V1_normalised.ac	3	733	3	740	_	1321	1328	_	_	_
22	de	de	P	P		20	mod	20	mod	3e/CO-3e-2016-VTAC305-D1-R4-V1_normalised.ac	3	741	3	743	_	1329	1331	_	_	_
23	cette	cette	DET	DET	n=s|g=f	24	det	24	det	3e/CO-3e-2016-VTAC305-D1-R4-V1_normalised.ac	3	744	3	749	_	1332	1337	_	_	_
24	aventure	aventure	NC	NC	n=s|g=f	22	prep	22	prep	3e/CO-3e-2016-VTAC305-D1-R4-V1_normalised.ac	3	750	3	758	_	1338	1346	_	_	_
25	mais	mais	CC	CC		20	coord	20	coord	3e/CO-3e-2016-VTAC305-D1-R4-V1_normalised.ac	3	759	3	763	_	1347	1351	_	_	_
26	la	la	DET	DET	n=s|g=f	27	det	27	det	3e/CO-3e-2016-VTAC305-D1-R4-V1_normalised.ac	3	764	3	766	_	1352	1354	_	_	_
27	leçon	leçon	NC	NC	n=s|g=f	29	suj	29	suj	3e/CO-3e-2016-VTAC305-D1-R4-V1_normalised.ac	3	767	3	772	_	1355	1360	_	_	_
28	aura	avoir	V	V	n=s|t=F|p=3	29	aux_tps	29	aux_tps	3e/CO-3e-2016-VTAC305-D1-R4-V1_normalised.ac	3	773	3	777	autreTemps	1361	1365	_	_	_
29	été	être	VPP	VPP	t=K	25	dep_coord	25	dep_coord	3e/CO-3e-2016-VTAC305-D1-R4-V1_normalised.ac	3	778	3	781	_	1366	1369	del	1367-1367	_	_
30	bonne	bon	ADJ	ADJ	n=s|g=f	29	ats	29	ats	3e/CO-3e-2016-VTAC305-D1-R4-V1_normalised.ac	3	783	3	788	_	1371	1376	del	1375-1375	_	_
31	.	.	PONCT	PONCT		30	ponct	30	ponct	3e/CO-3e-2016-VTAC305-D1-R4-V1_normalised.ac	3	788	3	789	_	1376	1377	_	_	_

1	Depuis	depuis	P	P		8	mod	8	mod	3e/CO-3e-2016-VTAC305-D1-R4-V1_normalised.ac	3	791	3	797	_	1379	1385	_	_	_
2	cette	cette	DET	DET	n=s|g=f	3	det	3	det	3e/CO-3e-2016-VTAC305-D1-R4-V1_normalised.ac	3	798	3	803	_	1386	1391	_	_	_
3	aventure	aventure	NC	NC	n=s|g=f	1	prep	1	prep	3e/CO-3e-2016-VTAC305-D1-R4-V1_normalised.ac	3	804	3	812	_	1392	1400	_	_	_
4	,	,	PONCT	PONCT		3	ponct	3	ponct	3e/CO-3e-2016-VTAC305-D1-R4-V1_normalised.ac	3	812	3	813	_	1400	1401	_	_	_
5	les	les	DET	DET	n=p	6	det	6	det	3e/CO-3e-2016-VTAC305-D1-R4-V1_normalised.ac	3	814	3	817	_	1402	1405	_	_	_
6	enfants	enfant	NC	NC	n=p	8	suj	8	suj	3e/CO-3e-2016-VTAC305-D1-R4-V1_normalised.ac	3	818	3	825	_	1406	1413	_	_	_
7	ne	ne	ADV	ADV		8	mod	8	mod	3e/CO-3e-2016-VTAC305-D1-R4-V1_normalised.ac	3	826	3	828	_	1414	1416	_	_	_
8	sortent	sortir	V	V	n=p|t=P,S|p=3	0	root	0	root	3e/CO-3e-2016-VTAC305-D1-R4-V1_normalised.ac	3	829	3	836	present	1417	1424	_	_	_
9	plus	plus	ADV	ADV		8	mod	8	mod	3e/CO-3e-2016-VTAC305-D1-R4-V1_normalised.ac	3	837	3	841	_	1425	1429	_	_	_
10	la	la	DET	DET	n=s|g=f	11	det	11	det	3e/CO-3e-2016-VTAC305-D1-R4-V1_normalised.ac	3	842	3	844	_	1430	1432	_	_	_
11	nuit	nuit	NC	NC	n=s|g=f	8	obj	8	obj	3e/CO-3e-2016-VTAC305-D1-R4-V1_normalised.ac	3	845	3	849	_	1433	1437	_	_	_
12	.	.	PONCT	PONCT		11	ponct	11	ponct	3e/CO-3e-2016-VTAC305-D1-R4-V1_normalised.ac	3	849	3	850	_	1437	1438	_	_	_

